Name,AbelHashPower,AbelHash (Mh/s),Autolykos2+PyrinHash-2 (Gh/s),Autolykos2+PyrinHashPower (Watt),Autolykos2+PyrinHash (Mh/s),Autolykos2+SHA512256d-2 (Mh/s),Autolykos2+SHA512256dPower (Watt),Autolykos2+SHA512256d (Mh/s),Autolykos2Power (Watt),Autolykos2 (Mh/s),BEAMPower (Watt),BEAM (Sol/s),CryptoNightGPUPower (Watt),CryptoNightGPU (H/s),Cuckatoo31Power (Watt),Cuckatoo31 (Gp/s),Cuckatoo32Power (Watt),Cuckatoo32 (Gp/s),CuckooCortexPower (Watt),CuckooCortex (Gp/s),CuckoocyclePower (Watt),Cuckoocycle (Gp/s),CurvehashPower (Watt),Curvehash (Mh/s),DynexSolvePower (Watt),DynexSolve (H/s),Etchash+SHA512256d-2 (Mh/s),Etchash+SHA512256dPower (Watt),Etchash+SHA512256d (Mh/s),EtchashPower (Watt),Etchash (Mh/s),Ethash+Kawpow-2 (Mh/s),Ethash+KawpowPower (Watt),Ethash+Kawpow (Mh/s),EthashPower (Watt),Ethash (Mh/s),EvrProgPowPower (Watt),EvrProgPow (Mh/s),FiroPowPower (Watt),FiroPow (Mh/s),FishHash+PyrinHash-2 (Gh/s),FishHash+PyrinHashPower (Watt),FishHash+PyrinHash (Mh/s),FishHashPower (Watt),FishHash (Mh/s),GhostriderPower (Watt),Ghostrider (H/s),HooHashPower (Watt),HooHash (Mh/s),KawpowPower (Watt),Kawpow (Mh/s),MeowPoWPower (Watt),MeowPoW (Mh/s),MerakiPower (Watt),Meraki (Mh/s),NexapowPower (Watt),Nexapow (Mh/s),Octopus+PyrinHash-2 (Gh/s),Octopus+PyrinHashPower (Watt),Octopus+PyrinHash (Mh/s),Octopus+SHA512256d-2 (Mh/s),Octopus+SHA512256dPower (Watt),Octopus+SHA512256d (Mh/s),OctopusPower (Watt),Octopus (Mh/s),ProgPowZPower (Watt),ProgPowZ (Mh/s),PyrinHashPower (Watt),PyrinHash (Gh/s),SHA512256dPower (Watt),SHA512256d (Mh/s),SkydogePower (Watt),Skydoge (Mh/s),VerthashPower (Watt),Verthash (Kh/s),WarthogPower (Watt),Warthog (Mh/s),X16RTPower (Watt),X16RT (Mh/s),XelisHashv2Power (Watt),XelisHashv2 (Kh/s),ZelHashPower (Watt),ZelHash (Sol/s),ZhashPower (Watt),Zhash (Sol/s),a2000 (A2000),a380 (A380),a4000 (A4000),a5000 (A5000),a750 (A750),a770 (A770),b580 (B580),bc160 (BC160),bc250 (BC250),cmp100210 (CMP100210),cmp170 (CMP170),cmp30 (CMP30),cmp40 (CMP40),cmp50 (CMP50),cmp70 (CMP70),cmp90 (CMP90),kwh ($/kWh),p102 (P102),p104 (P104),p106 (P106),vega56 (VEGA56),vega64 (VEGA64),vii (VII),zkSNARKPower (Watt),zkSNARK (Mproof/s)
4090,249.0,124.7,0.0,0.0,0.0,3000.0,335.0,214.37,183.0,265.82,248.0,85.4,214.0,4640.0,0.0,0.0,273.0,1.65,261.0,7.44,268.0,17.6,0.0,0.0,247.0,13680.0,0.0,0.0,0.0,249.0,124.7,0.0,0.0,0.0,249.0,124.7,0.0,0.0,299.0,64.82,14.61,442.0,73.06,240.0,82.58,0.0,0.0,196.0,1150.0,299.0,65.0,0.0,0.0,386.0,148.43,410.0,292.48,0.0,0.0,0.0,0.0,0.0,0.0,279.0,123.14,299.0,64.57,347.0,19.45,254.0,3290.0,279.0,67.42,187.0,2100.0,0.0,0.0,171.0,60.7,211.0,43.89,329.0,144.6,226.0,186.66,0,0,0,0,0,0,0,0,0,0,0,0,0,0,0,0,0.1,0,0,0,0,0,0,310.0,1.43
4080S,168.0,87.95,0.0,0.0,0.0,0.0,0.0,0.0,92.0,163.18,0.0,0.0,0.0,0.0,0.0,0.0,0.0,0.0,0.0,0.0,0.0,0.0,0.0,0.0,166.0,9360.0,0.0,0.0,0.0,166.0,87.08,0.0,0.0,0.0,166.0,87.06,245.0,48.27,0.0,0.0,8.53,319.0,57.22,162.0,58.96,0.0,0.0,137.0,748.0,249.0,52.1,0.0,0.0,0.0,0.0,238.0,180.49,0.0,0.0,0.0,0.0,0.0,0.0,227.0,90.27,0.0,0.0,213.0,12.22,151.0,2010.0,0.0,0.0,0.0,0.0,0.0,0.0,0.0,0.0,146.0,36.27,0.0,0.0,0.0,0.0,0,0,0,0,0,0,0,0,0,0,0,0,0,0,0,0,0.1,0,0,0,0,0,0,219.0,0.92
4080,179.0,87.85,0.0,0.0,0.0,1910.0,241.0,142.36,119.0,172.53,196.0,60.43,168.0,3160.0,0.0,0.0,220.0,1.44,236.0,7.48,0.0,0.0,0.0,0.0,171.0,9170.0,0.0,0.0,0.0,176.0,87.04,0.0,0.0,0.0,179.0,87.85,242.0,47.06,230.0,46.3,8.37,311.0,55.02,157.0,56.56,0.0,0.0,136.0,711.0,228.0,46.53,0.0,0.0,279.0,104.21,275.0,175.99,0.0,0.0,0.0,0.0,0.0,0.0,220.0,87.18,230.0,46.87,255.0,12.41,148.0,1720.0,199.0,45.67,122.0,1400.0,0.0,0.0,142.0,48.75,148.0,35.8,249.0,129.4,212.0,188.86,0,0,0,0,0,0,0,0,0,0,0,0,0,0,0,0,0.1,0,0,0,0,0,0,207.0,0.87
4070TIS,152.0,74.02,0.0,0.0,0.0,0.0,0.0,0.0,96.0,161.6,0.0,0.0,0.0,0.0,0.0,0.0,0.0,0.0,0.0,0.0,0.0,0.0,0.0,0.0,165.0,9110.0,0.0,0.0,0.0,152.0,74.09,0.0,0.0,0.0,152.0,74.02,226.0,42.65,0.0,0.0,7.26,289.0,53.1,145.0,48.93,0.0,0.0,120.0,595.0,230.0,45.11,0.0,0.0,238.0,96.2,247.0,167.27,0.0,0.0,0.0,0.0,0.0,0.0,205.0,81.27,0.0,0.0,196.0,10.08,146.0,1660.0,0.0,0.0,0.0,0.0,0.0,0.0,0.0,0.0,148.0,34.99,131.0,75.6,0.0,0.0,0,0,0,0,0,0,0,0,0,0,0,0,0,0,0,0,0.1,0,0,0,0,0,0,188.0,0.76
4070TI,108.0,64.54,0.0,0.0,0.0,1280.0,147.0,103.47,77.0,133.69,114.0,42.02,98.0,2280.0,0.0,0.0,150.0,1.1,0.0,0.0,0.0,0.0,0.0,0.0,107.0,6980.0,0.0,0.0,0.0,108.0,62.98,0.0,0.0,0.0,108.0,62.76,153.0,33.22,149.0,33.06,6.68,213.0,40.72,102.0,41.81,0.0,0.0,92.0,540.0,149.0,32.87,0.0,0.0,0.0,0.0,220.0,149.03,0.0,0.0,0.0,0.0,0.0,0.0,149.0,62.31,150.0,33.35,153.0,9.11,104.0,1510.0,121.0,33.72,76.0,1070.0,0.0,0.0,90.0,35.24,98.0,27.2,133.0,88.4,137.0,137.79,0,0,0,0,0,0,0,0,0,0,0,0,0,0,0,0,0.1,0,0,0,0,0,0,141.0,0.64
4070S,142.0,64.55,0.0,0.0,0.0,0.0,0.0,0.0,80.0,122.22,0.0,0.0,0.0,0.0,0.0,0.0,0.0,0.0,0.0,0.0,0.0,0.0,0.0,0.0,133.0,6710.0,0.0,0.0,0.0,141.0,65.98,0.0,0.0,0.0,0.0,0.0,189.0,33.21,0.0,0.0,5.6,237.0,37.46,131.0,41.86,0.0,0.0,109.0,504.0,199.0,35.23,0.0,0.0,197.0,73.6,192.0,121.41,0.0,0.0,0.0,0.0,0.0,0.0,173.0,62.1,0.0,0.0,166.0,7.81,121.0,1290.0,0.0,0.0,0.0,0.0,0.0,0.0,0.0,0.0,123.0,26.38,108.0,57.8,0.0,0.0,0,0,0,0,0,0,0,0,0,0,0,0,0,0,0,0,0.1,0,0,0,0,0,0,166.0,0.66
4070,114.0,54.57,0.0,0.0,0.0,0.0,0.0,0.0,92.0,131.32,121.0,39.49,122.0,2400.0,0.0,0.0,0.0,0.0,0.0,0.0,0.0,0.0,0.0,0.0,118.0,6710.0,0.0,0.0,0.0,120.0,62.26,0.0,0.0,0.0,124.0,62.26,161.0,31.4,0.0,0.0,5.0,199.0,39.5,109.0,36.49,0.0,0.0,85.0,415.0,169.0,33.06,141.0,31.32,157.0,66.37,173.0,122.12,0.0,0.0,0.0,0.0,0.0,0.0,151.0,60.46,168.0,32.5,132.0,6.99,101.0,1160.0,116.0,27.51,73.0,926.0,0.0,0.0,94.0,30.69,107.0,26.35,124.0,67.0,120.0,86.5,0,0,0,0,0,0,0,0,0,0,0,0,0,0,0,0,0.1,0,0,0,0,0,0,140.0,0.6
4060TI,73.0,38.55,0.0,0.0,0.0,0.0,0.0,0.0,63.0,87.49,83.0,26.44,76.0,1590.0,0.0,0.0,0.0,0.0,0.0,0.0,0.0,0.0,0.0,0.0,78.0,4350.0,0.0,0.0,0.0,75.0,38.67,0.0,0.0,0.0,74.0,38.39,99.0,19.28,0.0,0.0,3.84,131.0,24.29,70.0,24.95,0.0,0.0,61.0,306.0,95.0,19.77,84.0,18.87,90.0,38.27,112.0,80.19,0.0,0.0,0.0,0.0,0.0,0.0,92.0,36.32,0.0,0.0,89.0,4.91,66.0,812.0,82.0,19.5,0.0,0.0,0.0,0.0,0.0,0.0,75.0,17.92,96.0,56.0,0.0,0.0,0,0,0,0,0,0,0,0,0,0,0,0,0,0,0,0,0.1,0,0,0,0,0,0,102.0,0.42
4060,70.0,33.39,0.0,0.0,0.0,0.0,0.0,0.0,61.0,83.82,89.0,23.55,0.0,0.0,0.0,0.0,0.0,0.0,0.0,0.0,0.0,0.0,0.0,0.0,63.0,3550.0,0.0,0.0,0.0,72.0,33.42,0.0,0.0,0.0,72.0,33.22,0.0,0.0,0.0,0.0,2.6,109.0,22.93,68.0,22.36,0.0,0.0,51.0,216.0,91.0,17.92,82.0,17.82,88.0,36.27,89.0,58.3,0.0,0.0,0.0,0.0,0.0,0.0,88.0,34.35,88.0,16.11,90.0,3.78,65.0,626.0,85.0,15.88,0.0,0.0,0.0,0.0,0.0,0.0,69.0,16.64,96.0,45.0,94.0,66.7,0,0,0,0,0,0,0,0,0,0,0,0,0,0,0,0,0.1,0,0,0,0,0,0,86.0,0.3
3090TI,329.0,128.5,0.0,0.0,0.0,0.0,0.0,0.0,245.0,260.84,0.0,0.0,180.0,5370.0,0.0,0.0,348.0,1.31,284.0,5.63,346.0,16.41,0.0,0.0,154.0,8.06,811.94,412.0,119.47,328.0,128.6,0.0,0.0,0.0,329.0,128.5,0.0,0.0,399.0,57.67,0.0,0.0,0.0,0.0,0.0,0.0,0.0,0.0,0.0,428.0,63.7,0.0,0.0,0.0,0.0,210.0,140.41,0.0,0.0,0.0,373.02,415.0,107.15,349.0,94.63,429.0,59.56,0.0,0.0,117.0,1220.0,0.0,0.0,235.0,1920.0,0.0,0.0,0.0,0.0,262.0,56.3,319.0,112.6,0.0,0.0,0,0,0,0,0,0,0,0,0,0,0,0,0,0,0,0,0.1,0,0,0,0,0,0,183.0,0.64
3090,290.0,122.15,0.0,0.0,0.0,1000.0,241.0,192.7,263.0,268.31,256.0,55.89,222.0,5300.0,0.0,0.0,280.0,1.22,316.0,6.6,196.0,4.98,0.0,0.0,179.0,7760.0,0.0,0.0,0.0,319.0,120.26,0.0,0.0,0.0,290.0,122.15,0.0,0.0,347.0,60.23,0.0,0.0,0.0,268.0,79.43,0.0,0.0,0.0,0.0,320.0,50.21,0.0,0.0,0.0,0.0,238.0,131.12,0.0,0.0,0.0,643.35,374.0,107.27,343.0,110.83,344.0,56.71,228.0,8.7,109.0,1110.0,148.0,18.48,208.0,1960.0,0.0,0.0,0.0,0.0,223.0,42.21,329.0,123.76,240.0,124.0,0,0,0,0,0,0,0,0,0,0,0,0,0,0,0,0,0.1,0,0,0,0,0,0,235.0,0.62
3080TI,269.0,116.75,0.0,0.0,0.0,0.0,0.0,0.0,197.0,242.18,249.0,58.8,200.0,4370.0,0.0,0.0,317.0,1.28,282.0,6.33,260.0,14.43,198.0,17.14,208.0,8780.0,0.0,0.0,0.0,284.0,119.8,32.18,282.0,37.04,284.0,119.8,348.0,58.24,329.0,54.39,5.35,348.0,75.6,258.0,77.73,126.0,2404.0,118.0,445.0,329.0,53.99,298.0,57.57,320.0,118.63,243.0,133.77,2.98,341.0,105.81,466.49,339.0,106.02,337.0,111.55,334.0,55.6,177.0,7.52,136.0,1250.0,199.0,27.4,201.0,1780.0,0.0,0.0,186.0,35.52,228.0,47.04,259.0,101.41,249.0,135.0,0,0,0,0,0,0,0,0,0,0,0,0,0,0,0,0,0.1,0,0,0,0,0,0,219.0,0.73
308012,251.0,110.33,4.24,249.0,226.54,977.11,234.0,195.41,249.0,242.0,249.0,54.75,0.0,0.0,0.0,0.0,299.0,1.16,233.0,5.28,0.0,0.0,182.0,15.04,195.0,8330.0,0.0,0.0,0.0,264.0,112.04,0.0,0.0,0.0,264.0,112.04,322.0,56.64,0.0,0.0,4.6,322.0,73.49,249.0,75.53,119.0,2276.0,106.0,390.0,249.0,36.15,293.0,57.5,0.0,0.0,224.0,111.37,2.06,314.0,104.98,470.23,318.0,94.04,339.0,105.78,306.0,48.22,156.0,6.58,120.0,1100.0,186.0,25.05,0.0,0.0,0.0,0.0,174.0,31.24,219.0,47.04,264.0,104.78,249.0,131.4,0,0,0,0,0,0,0,0,0,0,0,0,0,0,0,0,0.1,0,0,0,0,0,0,190.0,0.53
3080,244.0,96.96,0.0,0.0,0.0,0.0,0.0,0.0,181.0,213.1,249.0,51.2,178.0,3690.0,0.0,0.0,289.0,1.04,253.0,5.11,221.0,13.57,185.0,14.64,191.0,7170.0,0.0,0.0,0.0,223.0,98.92,0.0,0.0,0.0,223.0,98.92,302.0,47.42,249.0,42.13,5.18,319.0,60.43,229.0,61.14,119.0,1987.0,118.0,379.0,250.0,42.17,278.0,49.17,280.0,96.6,215.0,113.72,3.37,318.0,87.38,451.03,318.0,93.97,260.0,90.73,299.0,49.0,156.0,6.4,124.0,1060.0,182.0,23.14,163.0,1520.0,0.0,0.0,171.0,30.14,207.0,39.59,254.0,102.02,319.0,154.4,0,0,0,0,0,0,0,0,0,0,0,0,0,0,0,0,0.1,0,0,0,0,0,0,194.0,0.53
3070TIM,113.0,60.84,0.0,0.0,0.0,607.7,121.0,108.55,105.0,137.03,0.0,0.0,0.0,0.0,0.0,0.0,139.0,0.66,0.0,0.0,0.0,0.0,0.0,0.0,94.0,4760.0,0.0,0.0,0.0,114.0,60.81,0.0,0.0,0.0,114.0,60.77,158.0,30.15,0.0,0.0,0.0,0.0,0.0,110.0,40.53,0.0,0.0,92.0,254.0,137.0,30.58,0.0,0.0,124.0,60.13,123.0,77.14,0.0,0.0,0.0,0.0,0.0,0.0,0.0,0.0,138.0,30.4,101.0,4.28,87.0,706.88,80.0,11.44,0.0,0.0,0.0,0.0,0.0,0.0,128.0,29.93,117.0,63.8,116.0,81.0,0,0,0,0,0,0,0,0,0,0,0,0,0,0,0,0,0.1,0,0,0,0,0,0,126.0,0.43
3070TI,180.0,79.87,0.0,0.0,0.0,0.0,0.0,0.0,131.0,159.53,0.0,0.0,118.0,2900.0,0.0,0.0,218.0,0.77,169.0,3.5,179.0,10.15,125.0,10.6,138.0,5320.0,0.0,0.0,0.0,189.0,80.23,0.0,0.0,0.0,189.0,80.23,247.0,38.78,229.0,36.77,3.25,254.0,48.26,169.0,51.8,81.0,1531.0,73.0,265.0,223.0,36.27,0.0,0.0,219.0,76.31,138.0,80.49,2.06,243.0,70.38,390.64,244.0,67.27,228.0,73.68,244.0,38.94,100.0,4.47,78.0,743.0,123.0,17.06,137.0,1230.0,0.0,0.0,110.0,21.65,159.0,31.36,179.0,72.45,149.0,70.3,0,0,0,0,0,0,0,0,0,0,0,0,0,0,0,0,0.1,0,0,0,0,0,0,125.0,0.37
3070M,103.0,58.77,0.0,0.0,0.0,519.23,101.0,108.22,89.0,135.22,0.0,0.0,0.0,0.0,0.0,0.0,87.0,0.45,0.0,0.0,0.0,0.0,0.0,0.0,78.0,4160.0,0.0,0.0,0.0,103.0,59.16,0.0,0.0,0.0,103.0,59.14,123.0,23.91,0.0,0.0,0.0,0.0,0.0,99.0,39.16,0.0,0.0,69.0,220.0,112.0,23.55,0.0,0.0,114.0,56.11,110.0,67.11,0.0,0.0,0.0,0.0,0.0,0.0,0.0,0.0,115.0,23.98,89.0,3.72,63.0,614.27,60.0,10.18,0.0,0.0,0.0,0.0,0.0,0.0,112.0,26.03,97.0,47.8,101.0,68.2,0,0,0,0,0,0,0,0,0,0,0,0,0,0,0,0,0.1,0,0,0,0,0,0,106.0,0.38
3070,127.0,59.34,0.0,0.0,0.0,0.0,0.0,0.0,120.0,158.36,124.0,35.6,116.0,2830.0,0.0,0.0,188.0,0.72,149.0,3.61,148.0,10.72,123.0,10.47,104.0,5230.0,0.0,0.0,0.0,118.0,62.34,0.0,0.0,0.0,113.0,60.77,152.0,30.14,143.0,29.78,3.62,194.0,38.4,120.0,39.58,78.0,1427.0,66.0,254.0,150.0,30.59,144.0,29.72,144.0,58.62,121.0,77.12,2.38,192.0,55.91,397.1,172.0,54.73,140.0,57.92,149.0,29.67,103.0,4.28,81.0,712.0,117.0,16.59,95.0,1112.0,0.0,0.0,102.0,20.7,111.0,27.97,134.0,67.15,199.0,109.9,0,0,0,0,0,0,0,0,0,0,0,0,0,0,0,0,0.1,0,0,0,0,0,0,120.0,0.36
3060TIX,152.0,62.95,0.0,0.0,0.0,0.0,0.0,0.0,122.0,161.18,0.0,0.0,95.0,2220.0,0.0,0.0,0.0,0.0,0.0,0.0,0.0,0.0,0.0,0.0,79.0,3970.0,0.0,0.0,0.0,154.0,62.91,0.0,0.0,0.0,155.0,62.91,199.0,30.78,0.0,0.0,0.0,0.0,0.0,150.0,43.32,0.0,0.0,63.0,212.0,196.0,30.95,0.0,0.0,174.0,60.87,111.0,63.72,0.0,0.0,0.0,0.0,0.0,0.0,0.0,0.0,194.0,29.77,73.0,3.54,62.0,584.98,71.0,9.46,0.0,0.0,0.0,0.0,0.0,0.0,122.0,27.37,151.0,56.0,157.0,82.2,0,0,0,0,0,0,0,0,0,0,0,0,0,0,0,0,0.1,0,0,0,0,0,0,109.0,0.36
3060TI,116.0,59.48,0.0,0.0,0.0,0.0,0.0,0.0,104.0,158.33,152.0,29.5,86.0,2180.0,0.0,0.0,164.0,0.62,149.0,3.26,139.0,9.49,102.0,8.67,90.0,4510.0,0.0,0.0,0.0,119.0,59.88,0.0,0.0,0.0,125.0,60.54,168.0,29.47,149.0,29.44,2.96,182.0,38.58,109.0,38.4,64.0,1234.0,59.0,214.0,149.0,29.63,132.0,29.18,129.0,55.02,108.0,63.73,1.76,180.0,54.22,331.12,144.0,45.26,171.0,56.68,168.0,29.62,83.0,3.61,56.0,601.0,98.0,14.69,94.0,1060.0,0.0,0.0,77.0,17.28,126.0,29.59,119.0,56.01,149.0,85.9,0,0,0,0,0,0,0,0,0,0,0,0,0,0,0,0,0.1,0,0,0,0,0,0,95.0,0.3
3060M,102.0,45.5,0.0,0.0,0.0,453.61,110.0,78.25,84.0,101.58,0.0,0.0,0.0,0.0,0.0,0.0,75.0,0.36,0.0,0.0,0.0,0.0,0.0,0.0,82.0,3200.0,0.0,0.0,0.0,93.0,45.42,0.0,0.0,0.0,93.0,45.4,121.0,22.51,0.0,0.0,0.0,0.0,0.0,100.0,30.31,0.0,0.0,75.0,165.0,104.0,22.65,0.0,0.0,110.0,44.32,83.0,43.28,0.0,0.0,0.0,0.0,0.0,0.0,0.0,0.0,109.0,22.68,80.0,2.79,52.0,461.67,80.0,8.65,0.0,0.0,0.0,0.0,0.0,0.0,96.0,18.86,78.0,35.8,79.0,50.8,0,0,0,0,0,0,0,0,0,0,0,0,0,0,0,0,0.1,0,0,0,0,0,0,97.0,0.28
3060,105.0,47.2,0.0,0.0,0.0,0.0,0.0,0.0,91.0,117.67,135.0,27.0,74.0,1990.0,135.0,1.33,135.0,0.5,125.0,2.6,135.0,7.3,79.0,6.27,72.0,3460.0,0.0,0.0,0.0,118.0,48.89,0.0,0.0,0.0,112.0,48.31,131.0,23.47,129.0,23.54,2.15,139.0,30.73,97.0,30.97,55.0,949.0,47.0,158.0,130.0,22.71,110.0,22.23,107.0,41.17,84.0,46.91,1.03,132.0,43.26,176.77,115.0,36.82,135.0,45.49,132.0,23.26,65.0,2.66,49.0,442.0,75.0,10.87,0.0,0.0,0.0,0.0,63.0,12.73,103.0,21.8,114.0,44.63,114.0,61.4,0,0,0,0,0,0,0,0,0,0,0,0,0,0,0,0,0.1,0,0,0,0,0,0,73.0,0.22
3050,85.0,29.74,0.0,0.0,0.0,0.0,0.0,0.0,67.0,76.49,77.0,15.6,61.0,1420.0,0.0,0.0,104.0,0.33,85.0,1.4,0.0,0.0,52.0,3.63,53.0,2390.0,0.0,0.0,0.0,70.0,29.69,0.0,0.0,0.0,85.0,29.69,102.0,14.73,0.0,0.0,1.56,110.0,19.25,75.0,19.16,43.0,625.0,37.0,111.0,101.0,14.9,81.0,14.15,85.0,27.09,67.0,33.45,0.92,110.0,28.1,171.84,90.0,23.62,108.0,28.3,105.0,14.82,48.0,1.88,39.0,313.0,57.0,7.48,0.0,0.0,0.0,0.0,51.0,9.14,78.0,14.51,99.0,24.54,79.0,36.7,0,0,0,0,0,0,0,0,0,0,0,0,0,0,0,0,0.1,0,0,0,0,0,0,57.0,0.16
2080TI,141.0,59.26,0.0,0.0,0.0,0.0,0.0,0.0,141.0,112.58,155.0,30.71,182.0,3000.0,0.0,0.0,0.0,0.0,192.0,4.42,0.0,0.0,0.0,0.0,130.0,5510.0,0.0,0.0,0.0,160.0,57.46,0.0,0.0,0.0,0.0,0.0,183.0,28.94,0.0,0.0,0.0,0.0,0.0,138.0,39.37,97.0,1066.0,116.0,341.0,171.0,31.43,0.0,0.0,196.0,77.38,210.0,92.99,0.0,0.0,0.0,0.0,0.0,0.0,236.0,75.2,212.0,32.79,168.0,6.01,134.0,1060.0,136.0,16.35,0.0,0.0,0.0,0.0,0.0,0.0,141.0,20.55,160.0,69.86,142.0,95.64,0,0,0,0,0,0,0,0,0,0,0,0,0,0,0,0,0.1,0,0,0,0,0,0,167.0,0.33
2080S,114.0,41.79,0.0,0.0,0.0,0.0,0.0,0.0,108.0,78.9,0.0,0.0,105.0,2140.0,0.0,0.0,168.0,0.67,145.0,3.31,0.0,0.0,0.0,0.0,85.0,4020.0,0.0,0.0,0.0,160.0,46.0,0.0,0.0,0.0,160.0,46.0,144.0,20.46,0.0,0.0,0.0,0.0,0.0,111.0,28.02,70.0,784.0,77.0,241.0,150.0,24.36,0.0,0.0,149.0,57.61,130.0,69.88,0.0,0.0,0.0,0.0,0.0,0.0,147.0,52.45,148.0,22.98,100.0,4.36,84.0,749.0,85.0,11.89,0.0,0.0,0.0,0.0,0.0,0.0,105.0,14.93,123.0,46.8,171.0,92.8,0,0,0,0,0,0,0,0,0,0,0,0,0,0,0,0,0.1,0,0,0,0,0,0,111.0,0.28
2080,111.0,43.05,0.0,0.0,0.0,0.0,0.0,0.0,105.0,81.83,108.0,22.68,126.0,2100.0,0.0,0.0,0.0,0.0,176.0,3.13,0.0,0.0,0.0,0.0,88.0,4020.0,0.0,0.0,0.0,114.0,43.15,0.0,0.0,0.0,114.0,43.1,132.0,19.61,0.0,0.0,0.0,0.0,0.0,110.0,28.61,71.0,774.0,78.0,229.0,179.0,25.85,0.0,0.0,139.0,55.69,153.0,68.0,0.0,0.0,0.0,0.0,0.0,0.0,159.0,53.25,160.0,22.03,107.0,4.18,87.0,710.0,94.0,11.41,0.0,0.0,0.0,0.0,0.0,0.0,112.0,15.0,114.0,61.0,170.0,84.2,0,0,0,0,0,0,0,0,0,0,0,0,0,0,0,0,0.1,0,0,0,0,0,0,128.0,0.27
2070S,108.0,43.63,0.0,0.0,0.0,0.0,0.0,0.0,102.0,81.69,123.0,24.0,122.0,2090.0,0.0,0.0,149.0,0.56,142.0,2.82,0.0,0.0,0.0,0.0,95.0,3960.0,0.0,0.0,0.0,109.0,44.15,0.0,0.0,0.0,109.0,44.1,116.0,17.04,0.0,0.0,0.0,0.0,0.0,105.0,28.94,78.0,765.0,84.0,201.0,196.0,26.46,0.0,0.0,131.0,50.84,135.0,61.3,0.0,0.0,0.0,0.0,0.0,0.0,125.0,45.34,139.0,19.34,104.0,3.64,88.0,623.0,95.0,10.34,0.0,0.0,0.0,0.0,0.0,0.0,102.0,15.29,149.0,53.1,134.0,72.0,0,0,0,0,0,0,0,0,0,0,0,0,0,0,0,0,0.1,0,0,0,0,0,0,120.0,0.24
2070,92.0,42.99,0.0,0.0,0.0,0.0,0.0,0.0,92.0,81.52,133.0,23.0,86.0,1600.0,0.0,0.0,140.0,0.5,138.0,2.51,0.0,0.0,0.0,0.0,74.0,3680.0,0.0,0.0,0.0,99.0,42.47,0.0,0.0,0.0,99.0,42.43,111.0,15.34,0.0,0.0,0.0,0.0,0.0,91.0,28.43,71.0,736.0,69.0,181.0,148.0,21.15,0.0,0.0,119.0,45.76,114.0,50.04,0.0,0.0,0.0,0.0,0.0,0.0,125.0,49.17,114.0,17.31,97.0,3.17,69.0,557.0,82.0,9.21,0.0,0.0,0.0,0.0,0.0,0.0,99.0,14.72,140.0,46.8,135.0,67.0,0,0,0,0,0,0,0,0,0,0,0,0,0,0,0,0,0.1,0,0,0,0,0,0,104.0,0.18
2060S,101.0,42.95,0.0,0.0,0.0,0.0,0.0,0.0,99.0,86.65,124.0,23.8,101.0,1580.0,0.0,0.0,124.0,0.45,124.0,2.32,0.0,0.0,0.0,0.0,79.0,3490.0,0.0,0.0,0.0,105.0,43.49,0.0,0.0,0.0,105.0,43.43,106.0,14.6,0.0,0.0,0.0,0.0,0.0,96.0,28.35,63.0,737.0,64.0,171.0,149.0,19.89,0.0,0.0,119.0,32.5,116.0,48.04,0.0,0.0,0.0,0.0,0.0,0.0,124.0,47.89,124.0,15.9,81.0,3.0,68.0,528.0,72.0,8.79,0.0,0.0,0.0,0.0,0.0,0.0,97.0,14.63,123.0,41.8,124.0,61.8,0,0,0,0,0,0,0,0,0,0,0,0,0,0,0,0,0.1,0,0,0,0,0,0,96.0,0.16
206012,88.0,33.58,0.0,0.0,0.0,0.0,0.0,0.0,84.0,64.15,128.0,16.8,96.0,1620.0,0.0,0.0,0.0,0.0,121.0,2.21,0.0,0.0,0.0,0.0,74.0,2770.0,0.0,0.0,0.0,86.0,33.7,0.0,0.0,0.0,86.0,33.61,98.0,14.6,0.0,0.0,0.0,0.0,0.0,82.0,21.98,58.0,592.0,65.0,170.0,148.0,20.04,0.0,0.0,0.0,0.0,113.0,47.7,0.0,0.0,0.0,0.0,0.0,0.0,0.0,0.0,133.0,16.42,88.0,3.0,70.0,526.0,71.0,8.28,0.0,0.0,0.0,0.0,0.0,0.0,91.0,11.35,146.0,35.5,150.0,65.8,0,0,0,0,0,0,0,0,0,0,0,0,0,0,0,0,0.1,0,0,0,0,0,0,90.0,0.16
2060,77.0,32.62,0.0,0.0,0.0,0.0,0.0,0.0,75.0,65.2,71.0,17.2,91.0,1530.0,0.0,0.0,124.0,0.36,0.0,0.0,0.0,0.0,0.0,0.0,65.0,2940.0,0.0,0.0,0.0,80.0,32.74,0.0,0.0,0.0,80.0,32.72,84.0,12.79,0.0,0.0,0.0,0.0,0.0,76.0,21.69,52.0,559.0,55.0,150.0,125.0,17.76,0.0,0.0,103.0,29.12,93.0,41.11,0.0,0.0,0.0,0.0,0.0,0.0,0.0,0.0,98.0,14.55,74.0,2.68,59.0,466.0,63.0,7.56,0.0,0.0,0.0,0.0,0.0,0.0,72.0,11.05,123.0,39.4,124.0,59.0,0,0,0,0,0,0,0,0,0,0,0,0,0,0,0,0,0.1,0,0,0,0,0,0,83.0,0.16
1660TI,58.0,29.26,0.0,0.0,0.0,0.0,0.0,0.0,54.0,55.47,97.0,14.2,51.0,1160.0,0.0,0.0,124.0,0.36,0.0,0.0,0.0,0.0,0.0,0.0,49.0,2440.0,0.0,0.0,0.0,56.0,27.96,0.0,0.0,0.0,57.0,27.99,0.0,0.0,0.0,0.0,0.0,0.0,0.0,57.0,19.46,32.0,472.0,0.0,0.0,72.0,12.9,0.0,0.0,78.0,32.76,63.0,33.61,0.0,0.0,0.0,0.0,0.0,0.0,0.0,0.0,65.0,11.66,42.0,1.21,38.0,373.0,48.0,6.21,46.0,427.9,0.0,0.0,0.0,0.0,54.0,9.25,98.0,27.2,59.0,36.4,0,0,0,0,0,0,0,0,0,0,0,0,0,0,0,0,0.1,0,0,0,0,0,0,44.0,0.07
1660S,72.0,31.49,0.0,0.0,0.0,0.0,0.0,0.0,72.0,61.41,76.0,13.8,62.0,1150.0,0.0,0.0,0.0,0.0,0.0,0.0,0.0,0.0,0.0,0.0,74.0,2720.0,0.0,0.0,0.0,75.0,31.74,0.0,0.0,0.0,75.0,31.74,0.0,0.0,0.0,0.0,0.0,0.0,0.0,69.0,20.87,48.0,464.0,0.0,0.0,84.0,11.83,0.0,0.0,104.0,30.73,72.0,31.11,0.0,0.0,0.0,0.0,0.0,0.0,0.0,0.0,78.0,10.63,50.0,1.11,45.0,343.0,52.0,5.85,62.0,325.68,0.0,0.0,0.0,0.0,63.0,9.96,72.0,19.7,70.0,29.9,0,0,0,0,0,0,0,0,0,0,0,0,0,0,0,0,0.1,0,0,0,0,0,0,50.0,0.06
1660,39.0,22.39,0.0,0.0,0.0,0.0,0.0,0.0,39.0,47.43,0.0,0.0,46.0,1150.0,0.0,0.0,59.0,0.23,0.0,0.0,0.0,0.0,0.0,0.0,46.0,2550.0,0.0,0.0,0.0,79.0,25.91,0.0,0.0,0.0,78.0,25.91,0.0,0.0,0.0,0.0,0.0,0.0,0.0,41.0,15.77,33.0,520.0,0.0,0.0,62.0,11.75,0.0,0.0,60.0,23.71,56.0,30.99,0.0,0.0,0.0,0.0,0.0,0.0,0.0,0.0,54.0,10.61,39.0,1.11,30.0,343.0,36.0,5.79,31.0,412.68,0.0,0.0,0.0,0.0,44.0,7.86,44.0,18.4,50.0,33.8,0,0,0,0,0,0,0,0,0,0,0,0,0,0,0,0,0.1,0,0,0,0,0,0,33.0,0.06
1080TI,123.0,27.85,0.0,0.0,0.0,0.0,0.0,0.0,148.0,65.63,149.0,20.8,107.0,1960.0,0.0,0.0,0.0,0.0,198.0,2.98,0.0,0.0,0.0,0.0,120.0,3790.0,0.0,0.0,0.0,170.0,51.2,0.0,0.0,0.0,198.0,43.23,0.0,0.0,0.0,0.0,0.0,0.0,0.0,128.0,21.83,0.0,0.0,108.0,216.0,179.0,23.9,0.0,0.0,0.0,0.0,124.0,15.85,0.0,0.0,0.0,0.0,0.0,0.0,195.0,13.95,170.0,22.42,94.0,1.85,125.0,640.0,0.0,0.0,103.0,533.6,0.0,0.0,0.0,0.0,126.0,16.37,182.0,53.4,179.0,91.2,0,0,0,0,0,0,0,0,0,0,0,0,0,0,0,0,0.1,0,0,0,0,0,0,95.0,0.1
1080,90.0,21.77,0.0,0.0,0.0,0.0,0.0,0.0,125.0,69.43,128.0,16.62,81.0,1400.0,0.0,0.0,0.0,0.0,135.0,1.58,0.0,0.0,0.0,0.0,83.0,2500.0,0.0,0.0,0.0,0.0,0.0,0.0,0.0,0.0,135.0,33.84,0.0,0.0,0.0,0.0,0.0,0.0,0.0,93.0,17.09,0.0,0.0,82.0,154.0,135.0,15.88,0.0,0.0,0.0,0.0,118.0,11.78,0.0,0.0,0.0,0.0,0.0,0.0,0.0,0.0,148.0,17.18,73.0,1.3,88.0,432.0,0.0,0.0,65.0,355.23,0.0,0.0,0.0,0.0,89.0,10.8,145.0,40.4,144.0,63.6,0,0,0,0,0,0,0,0,0,0,0,0,0,0,0,0,0.1,0,0,0,0,0,0,69.0,0.07
1070TI,87.0,21.78,0.0,0.0,0.0,0.0,0.0,0.0,118.0,61.63,129.0,17.05,85.0,1330.0,0.0,0.0,0.0,0.0,133.0,1.5,0.0,0.0,0.0,0.0,90.0,2860.0,0.0,0.0,0.0,110.0,32.59,0.0,0.0,0.0,125.0,32.04,0.0,0.0,0.0,0.0,0.0,0.0,0.0,92.0,17.09,0.0,0.0,83.0,144.0,133.0,14.91,0.0,0.0,0.0,0.0,108.0,7.99,0.0,0.0,0.0,0.0,0.0,0.0,0.0,0.0,149.0,14.28,77.0,1.24,89.0,404.0,0.0,0.0,69.0,431.38,0.0,0.0,0.0,0.0,75.0,10.47,135.0,37.5,139.0,60.0,0,0,0,0,0,0,0,0,0,0,0,0,0,0,0,0,0.1,0,0,0,0,0,0,52.0,0.07
1070,72.0,16.38,0.0,0.0,0.0,0.0,0.0,0.0,129.0,57.1,95.0,14.4,64.0,1130.0,0.0,0.0,0.0,0.0,0.0,0.0,0.0,0.0,0.0,0.0,59.0,2670.0,0.0,0.0,0.0,120.0,28.0,0.0,0.0,0.0,0.0,0.0,0.0,0.0,0.0,0.0,0.0,0.0,0.0,75.0,12.86,0.0,0.0,60.0,115.0,140.0,13.29,0.0,0.0,0.0,0.0,78.0,7.12,0.0,0.0,0.0,0.0,0.0,0.0,0.0,0.0,150.0,14.17,60.0,0.98,90.0,357.0,0.0,0.0,68.0,441.68,0.0,0.0,0.0,0.0,83.0,10.3,98.0,29.3,100.0,50.0,0,0,0,0,0,0,0,0,0,0,0,0,0,0,0,0,0.1,0,0,0,0,0,0,60.0,0.06
1060,62.0,15.55,0.0,0.0,0.0,0.0,0.0,0.0,0.0,0.0,0.0,0.0,49.0,787.0,0.0,0.0,0.0,0.0,0.0,0.0,0.0,0.0,0.0,0.0,39.0,1790.0,0.0,0.0,0.0,85.0,22.0,0.0,0.0,0.0,0.0,0.0,0.0,0.0,0.0,0.0,0.0,0.0,0.0,63.0,12.33,0.0,0.0,49.0,79.0,0.0,0.0,0.0,0.0,0.0,0.0,0.0,0.0,0.0,0.0,0.0,0.0,0.0,0.0,0.0,0.0,0.0,0.0,45.0,0.66,33.0,154.94,0.0,0.0,0.0,0.0,0.0,0.0,0.0,0.0,53.0,7.57,0.0,0.0,0.0,0.0,0,0,0,0,0,0,0,0,0,0,0,0,0,0,0,0,0.1,0,0,0,0,0,0,43.0,0.04
1050TI,0.0,0.0,0.0,0.0,0.0,0.0,0.0,0.0,0.0,0.0,0.0,0.0,0.0,0.0,0.0,0.0,0.0,0.0,0.0,0.0,0.0,0.0,0.0,0.0,40.0,1090.0,0.0,0.0,0.0,0.0,0.0,0.0,0.0,0.0,0.0,0.0,0.0,0.0,0.0,0.0,0.0,0.0,0.0,0.0,0.0,0.0,0.0,32.0,47.0,0.0,0.0,0.0,0.0,0.0,0.0,75.0,3.39,0.0,0.0,0.0,0.0,0.0,0.0,0.0,0.0,75.0,5.26,38.0,0.42,52.0,124.36,0.0,0.0,75.0,225.0,0.0,0.0,0.0,0.0,42.0,5.49,75.0,9.0,75.0,19.4,0,0,0,0,0,0,0,0,0,0,0,0,0,0,0,0,0.1,0,0,0,0,0,0,40.0,0.03
A2000,65.0,39.79,0.0,0.0,0.0,238.0,68.0,74.46,69.0,100.15,68.0,21.24,48.0,1160.0,0.0,0.0,68.0,0.19,0.0,0.0,0.0,0.0,68.0,5.22,46.0,2440.0,0.0,0.0,0.0,65.0,39.77,0.0,0.0,0.0,65.0,39.75,0.0,0.0,68.0,15.86,0.0,0.0,0.0,64.0,27.47,0.0,0.0,0.0,0.0,69.0,15.05,0.0,0.0,0.0,0.0,63.0,34.08,0.0,0.0,0.0,0.0,0.0,0.0,40.0,6.19,69.0,14.27,66.0,2.64,45.0,410.17,0.0,0.0,0.0,0.0,0.0,0.0,0.0,0.0,62.0,17.14,68.0,33.8,68.0,47.7,1,0,0,0,0,0,0,0,0,0,0,0,0,0,0,0,0.1,0,0,0,0,0,0,59.0,0.15
A4000,112.0,57.37,0.0,0.0,0.0,634.0,139.0,105.96,139.0,140.61,124.0,31.46,42.0,1950.0,0.0,0.0,105.0,0.45,139.0,3.82,0.0,0.0,0.0,0.0,95.0,5420.0,0.0,0.0,0.0,120.0,58.54,0.0,0.0,0.0,118.0,58.55,0.0,0.0,0.0,0.0,0.0,0.0,0.0,110.0,38.22,0.0,0.0,71.0,265.0,139.0,26.11,0.0,0.0,0.0,0.0,133.0,79.84,0.0,0.0,0.0,0.0,0.0,0.0,135.0,47.46,139.0,27.1,112.0,4.88,71.0,654.0,0.0,0.0,92.0,914.0,0.0,0.0,0.0,0.0,134.0,26.11,139.0,53.0,120.0,39.88,0,0,1,0,0,0,0,0,0,0,0,0,0,0,0,0,0.1,0,0,0,0,0,0,0.0,0.0
A5000,210.0,99.67,0.0,0.0,0.0,841.02,227.0,175.29,229.0,242.07,164.0,39.77,161.0,4230.0,0.0,0.0,216.0,0.94,179.0,4.28,209.0,12.96,0.0,0.0,165.0,7780.0,590.79,226.0,92.26,213.0,99.67,0.0,0.0,0.0,210.0,99.67,0.0,0.0,219.0,42.9,0.0,0.0,0.0,0.0,0.0,0.0,0.0,0.0,0.0,229.0,42.18,0.0,0.0,0.0,0.0,186.0,102.68,0.0,0.0,0.0,319.77,212.0,78.63,229.0,84.88,199.0,34.13,0.0,0.0,121.0,929.0,0.0,0.0,159.0,1590.0,0.0,0.0,0.0,0.0,0.0,0.0,199.0,86.4,179.0,106.3,0,0,0,1,0,0,0,0,0,0,0,0,0,0,0,0,0.1,0,0,0,0,0,0,0.0,0.0
CMP100210,0.0,0.0,0.0,0.0,0.0,0.0,0.0,0.0,110.0,159.3,169.0,43.2,0.0,0.0,0.0,0.0,0.0,0.0,0.0,0.0,0.0,0.0,0.0,0.0,129.0,7280.0,0.0,0.0,0.0,0.0,0.0,0.0,0.0,0.0,0.0,0.0,0.0,0.0,0.0,0.0,0.0,0.0,0.0,128.0,57.43,0.0,0.0,107.0,288.55,164.0,37.85,196.0,48.9,0.0,0.0,0.0,0.0,0.0,0.0,0.0,0.0,0.0,0.0,162.0,54.37,0.0,0.0,0.0,0.0,0.0,0.0,0.0,0.0,0.0,0.0,0.0,0.0,0.0,0.0,107.0,29.62,181.0,66.4,0.0,0.0,0,0,0,0,0,0,0,0,0,1,0,0,0,0,0,0,0.1,0,0,0,0,0,0,140.0,0.25
CMP170,191.0,160.18,0.0,0.0,0.0,0.0,0.0,0.0,167.0,364.8,149.0,64.0,0.0,0.0,0.0,0.0,0.0,0.0,0.0,0.0,0.0,0.0,0.0,0.0,113.0,4820.0,0.0,0.0,0.0,169.0,139.11,0.0,0.0,0.0,169.0,139.11,151.0,37.72,0.0,0.0,0.0,0.0,0.0,198.0,108.37,0.0,0.0,113.0,507.0,180.0,43.25,242.0,78.41,0.0,0.0,140.0,91.74,0.0,0.0,0.0,0.0,0.0,0.0,203.0,75.03,0.0,0.0,121.0,3.02,103.0,887.27,79.0,15.01,0.0,0.0,0.0,0.0,0.0,0.0,155.0,61.28,139.0,84.2,0.0,0.0,0,0,0,0,0,0,0,0,0,0,1,0,0,0,0,0,0.1,0,0,0,0,0,0,0.0,0.0
CMP30,0.0,0.0,0.0,0.0,0.0,0.0,0.0,0.0,75.0,60.87,0.0,0.0,0.0,0.0,0.0,0.0,0.0,0.0,0.0,0.0,0.0,0.0,0.0,0.0,69.0,2620.0,0.0,0.0,0.0,82.0,30.59,0.0,0.0,0.0,0.0,0.0,88.0,11.54,0.0,0.0,0.0,0.0,0.0,75.0,20.53,0.0,0.0,53.0,110.0,80.0,10.75,0.0,0.0,0.0,0.0,75.0,32.26,0.0,0.0,0.0,0.0,0.0,0.0,0.0,0.0,78.0,9.96,36.0,0.42,52.0,324.0,0.0,0.0,0.0,0.0,0.0,0.0,0.0,0.0,72.0,9.86,71.0,20.8,0.0,0.0,0,0,0,0,0,0,0,0,0,0,0,1,0,0,0,0,0.1,0,0,0,0,0,0,68.0,0.14
CMP40,0.0,0.0,0.0,0.0,0.0,0.0,0.0,0.0,109.0,84.78,0.0,0.0,0.0,0.0,0.0,0.0,0.0,0.0,0.0,0.0,0.0,0.0,0.0,0.0,107.0,3900.0,0.0,0.0,0.0,115.0,43.54,0.0,0.0,0.0,119.0,43.46,147.0,17.87,0.0,0.0,0.0,0.0,0.0,110.0,28.78,0.0,0.0,84.0,170.0,147.0,18.38,0.0,0.0,0.0,0.0,123.0,47.96,0.0,0.0,0.0,0.0,0.0,0.0,148.0,37.15,150.0,17.11,48.0,0.39,84.0,463.63,0.0,0.0,117.0,700.0,0.0,0.0,0.0,0.0,106.0,13.94,139.0,42.2,138.0,58.67,0,0,0,0,0,0,0,0,0,0,0,0,1,0,0,0,0.1,0,0,0,0,0,0,92.0,0.18
CMP50,0.0,0.0,0.0,0.0,0.0,0.0,0.0,0.0,132.0,110.36,0.0,0.0,0.0,0.0,0.0,0.0,0.0,0.0,0.0,0.0,0.0,0.0,0.0,0.0,137.0,5340.0,0.0,0.0,0.0,145.0,55.61,0.0,0.0,0.0,145.0,55.5,197.0,29.44,0.0,0.0,0.0,0.0,0.0,134.0,35.7,0.0,0.0,117.0,281.0,150.0,22.04,0.0,0.0,0.0,0.0,137.0,67.69,0.0,0.0,0.0,0.0,0.0,0.0,200.0,60.03,149.0,21.28,75.0,1.29,98.0,642.0,0.0,0.0,129.0,898.0,0.0,0.0,0.0,0.0,131.0,17.07,146.0,56.8,139.0,77.56,0,0,0,0,0,0,0,0,0,0,0,0,0,1,0,0,0.1,0,0,0,0,0,0,145.0,0.32
CMP70,0.0,0.0,0.0,0.0,0.0,0.0,0.0,0.0,140.0,166.48,0.0,0.0,0.0,0.0,0.0,0.0,0.0,0.0,0.0,0.0,0.0,0.0,0.0,0.0,0.0,0.0,0.0,0.0,0.0,199.0,80.76,0.0,0.0,0.0,199.0,80.76,0.0,0.0,0.0,0.0,0.0,0.0,0.0,189.0,52.88,0.0,0.0,0.0,0.0,0.0,0.0,0.0,0.0,0.0,0.0,141.0,55.78,0.0,0.0,0.0,0.0,0.0,0.0,142.0,29.18,0.0,0.0,0.0,0.0,0.0,0.0,0.0,0.0,0.0,0.0,0.0,0.0,0.0,0.0,124.0,24.44,0.0,0.0,0.0,0.0,0,0,0,0,0,0,0,0,0,0,0,0,0,0,1,0,0.1,0,0,0,0,0,0,128.0,0.21
CMP90,0.0,0.0,0.0,0.0,0.0,0.0,0.0,0.0,146.0,196.51,0.0,0.0,0.0,0.0,0.0,0.0,236.0,0.53,239.0,3.56,237.0,10.27,0.0,0.0,145.0,6110.0,0.0,0.0,0.0,249.0,100.16,0.0,0.0,0.0,249.0,100.16,249.0,44.66,249.0,45.36,0.0,0.0,0.0,206.0,65.75,0.0,0.0,0.0,0.0,249.0,45.56,0.0,0.0,0.0,0.0,170.0,78.37,0.0,0.0,0.0,0.0,0.0,0.0,191.0,54.77,179.0,25.66,94.0,1.14,122.0,721.59,0.0,0.0,150.0,1580.0,0.0,0.0,0.0,0.0,153.0,35.52,150.0,52.6,151.0,72.9,0,0,0,0,0,0,0,0,0,0,0,0,0,0,0,1,0.1,0,0,0,0,0,0,165.0,0.38
P102,190.0,34.64,0.0,0.0,0.0,0.0,0.0,0.0,124.0,91.85,0.0,0.0,147.0,2070.0,0.0,0.0,169.0,0.33,143.0,2.61,140.0,7.04,0.0,0.0,131.0,3990.0,0.0,0.0,0.0,190.0,45.0,0.0,0.0,0.0,190.0,45.0,0.0,0.0,168.0,15.86,0.0,0.0,0.0,128.0,20.34,0.0,0.0,159.0,187.0,170.0,16.44,0.0,0.0,0.0,0.0,119.0,11.29,0.0,0.0,0.0,0.0,0.0,0.0,168.0,11.03,180.0,17.53,132.0,1.63,127.0,461.99,0.0,0.0,125.0,792.0,0.0,0.0,0.0,0.0,127.0,16.3,126.0,33.2,126.0,49.2,0,0,0,0,0,0,0,0,0,0,0,0,0,0,0,0,0.1,1,0,0,0,0,0,95.0,0.09
P104,135.0,29.85,0.0,0.0,0.0,0.0,0.0,0.0,129.0,75.92,119.0,16.4,87.0,1230.0,0.0,0.0,0.0,0.0,135.0,1.65,0.0,0.0,0.0,0.0,86.0,2690.0,0.0,0.0,0.0,129.0,37.81,0.0,0.0,0.0,135.0,36.27,0.0,0.0,0.0,0.0,0.0,0.0,0.0,90.0,17.13,0.0,0.0,84.0,114.0,149.0,17.33,0.0,0.0,0.0,0.0,119.0,8.65,0.0,0.0,0.0,0.0,0.0,0.0,0.0,0.0,150.0,15.7,82.0,1.02,90.0,325.0,0.0,0.0,82.0,558.16,0.0,0.0,0.0,0.0,87.0,11.58,126.0,34.0,119.0,53.3,0,0,0,0,0,0,0,0,0,0,0,0,0,0,0,0,0.1,0,1,0,0,0,0,71.0,0.06
P106,86.0,19.69,0.0,0.0,0.0,0.0,0.0,0.0,83.0,45.17,87.0,12.24,45.0,786.0,0.0,0.0,0.0,0.0,0.0,0.0,0.0,0.0,0.0,0.0,51.0,1770.0,0.0,0.0,0.0,89.0,23.25,0.0,0.0,0.0,86.0,23.36,0.0,0.0,0.0,0.0,0.0,0.0,0.0,60.0,12.15,0.0,0.0,44.0,76.0,99.0,10.71,0.0,0.0,0.0,0.0,43.0,4.75,0.0,0.0,0.0,0.0,0.0,0.0,0.0,0.0,90.0,9.63,40.0,0.65,58.0,232.0,0.0,0.0,51.0,343.28,0.0,0.0,0.0,0.0,57.0,8.67,88.0,21.9,89.0,40.1,0,0,0,0,0,0,0,0,0,0,0,0,0,0,0,0,0.1,0,0,1,0,0,0,44.0,0.04
7900XTX,207.0,98.69,0.0,0.0,0.0,0.0,0.0,0.0,219.0,193.9,0.0,0.0,0.0,0.0,0.0,0.0,0.0,0.0,0.0,0.0,0.0,0.0,232.0,18.97,203.0,7630.0,0.0,0.0,0.0,239.0,101.1,0.0,0.0,0.0,207.0,98.69,303.0,56.25,0.0,0.0,3.99,289.0,64.63,203.0,66.16,0.0,0.0,138.0,861.0,300.0,58.39,0.0,0.0,289.0,121.74,233.0,97.6,0.0,0.0,0.0,0.0,0.0,0.0,300.0,99.72,293.0,54.73,142.0,5.94,200.0,1580.0,254.0,44.27,0.0,0.0,0.0,0.0,0.0,0.0,231.0,37.89,217.0,88.2,209.0,155.4,0,0,0,0,0,0,0,0,0,0,0,0,0,0,0,0,0.1,0,0,0,0,0,0,210.0,0.35
7900XT,185.0,82.18,0.0,0.0,0.0,0.0,0.0,0.0,194.0,160.8,0.0,0.0,0.0,0.0,0.0,0.0,0.0,0.0,0.0,0.0,0.0,0.0,206.0,16.86,190.0,6740.0,0.0,0.0,0.0,180.0,83.17,0.0,0.0,0.0,183.0,82.18,258.0,46.26,0.0,0.0,4.04,257.0,53.24,184.0,55.11,0.0,0.0,123.0,764.0,257.0,48.34,0.0,0.0,257.0,100.57,211.0,86.85,0.0,0.0,0.0,0.0,0.0,0.0,256.0,81.32,211.0,45.9,121.0,5.24,257.0,1550.0,209.0,34.65,257.0,1243.54,0.0,0.0,0.0,0.0,211.0,31.36,201.0,80.2,162.0,144.0,0,0,0,0,0,0,0,0,0,0,0,0,0,0,0,0,0.1,0,0,0,0,0,0,168.0,0.29
7900GRE,135.0,60.46,0.0,0.0,0.0,0.0,0.0,0.0,150.0,124.8,0.0,0.0,0.0,0.0,0.0,0.0,0.0,0.0,0.0,0.0,0.0,0.0,181.0,16.15,170.0,5380.0,0.0,0.0,0.0,137.0,61.28,0.0,0.0,0.0,134.0,60.46,202.0,34.6,0.0,0.0,4.31,214.0,38.54,133.0,40.86,0.0,0.0,129.0,744.0,0.0,0.0,0.0,0.0,187.0,72.36,190.0,84.19,0.0,0.0,0.0,0.0,0.0,0.0,199.0,66.39,0.0,0.0,118.0,4.92,123.0,1277.0,0.0,0.0,0.0,0.0,0.0,0.0,0.0,0.0,151.0,23.47,178.0,72.0,0.0,0.0,0,0,0,0,0,0,0,0,0,0,0,0,0,0,0,0,0.1,0,0,0,0,0,0,118.0,0.29
7800XT,151.0,66.17,0.0,0.0,0.0,0.0,0.0,0.0,168.0,129.2,0.0,0.0,0.0,0.0,0.0,0.0,0.0,0.0,0.0,0.0,0.0,0.0,164.0,12.2,144.0,4080.0,0.0,0.0,0.0,168.0,66.63,0.0,0.0,0.0,151.0,66.17,219.0,36.19,0.0,0.0,2.61,203.0,41.05,144.0,44.0,0.0,0.0,100.0,543.0,223.0,36.15,0.0,0.0,211.0,77.32,174.0,61.6,0.0,0.0,0.0,0.0,0.0,0.0,235.0,67.44,223.0,34.5,99.0,3.6,112.0,924.0,166.0,24.05,0.0,0.0,0.0,0.0,0.0,0.0,171.0,26.56,161.0,53.6,162.0,90.6,0,0,0,0,0,0,0,0,0,0,0,0,0,0,0,0,0.1,0,0,0,0,0,0,155.0,0.21
7700XT,107.0,46.87,0.0,0.0,0.0,0.0,0.0,0.0,121.0,91.58,0.0,0.0,0.0,0.0,0.0,0.0,0.0,0.0,0.0,0.0,0.0,0.0,134.0,11.0,114.0,3500.0,0.0,0.0,0.0,121.0,47.21,0.0,0.0,0.0,107.0,46.87,158.0,25.86,0.0,0.0,2.74,163.0,30.47,102.0,31.66,0.0,0.0,91.0,502.0,160.0,26.33,0.0,0.0,149.0,53.5,145.0,56.33,0.0,0.0,0.0,0.0,0.0,0.0,162.0,50.59,172.0,26.61,89.0,3.29,96.0,850.0,140.0,21.4,0.0,0.0,0.0,0.0,0.0,0.0,123.0,18.72,136.0,49.2,137.0,85.4,0,0,0,0,0,0,0,0,0,0,0,0,0,0,0,0,0.1,0,0,0,0,0,0,111.0,0.19
7600,67.0,32.0,0.0,0.0,0.0,0.0,0.0,0.0,64.0,45.64,0.0,0.0,0.0,0.0,0.0,0.0,0.0,0.0,0.0,0.0,0.0,0.0,79.0,6.24,81.0,2640.0,0.0,0.0,0.0,81.0,32.02,0.0,0.0,0.0,67.0,32.0,99.0,17.09,103.0,17.08,1.3,100.0,18.43,62.0,12.49,0.0,0.0,59.0,282.0,101.0,17.86,0.0,0.0,91.0,34.52,83.0,33.71,0.0,0.0,0.0,0.0,0.0,0.0,107.0,33.08,83.0,12.13,65.0,1.94,67.0,503.0,86.0,12.07,0.0,0.0,0.0,0.0,0.0,0.0,75.0,12.46,74.0,23.8,73.0,38.8,0,0,0,0,0,0,0,0,0,0,0,0,0,0,0,0,0.1,0,0,0,0,0,0,87.0,0.11
6950XT,125.0,53.55,0.0,0.0,0.0,0.0,0.0,0.0,139.0,107.6,110.0,33.0,0.0,0.0,0.0,0.0,148.0,0.98,0.0,0.0,0.0,0.0,149.0,12.35,112.0,4540.0,0.0,0.0,0.0,136.0,53.86,0.0,0.0,0.0,136.0,53.86,200.0,32.12,211.0,35.51,3.66,194.0,35.51,125.0,36.35,121.0,1690.0,105.0,548.0,199.0,36.85,0.0,0.0,195.0,79.2,137.0,75.07,0.0,0.0,0.0,0.0,0.0,0.0,210.0,70.13,209.0,36.67,108.0,4.81,113.0,1210.0,145.0,27.48,113.0,811.0,0.0,0.0,0.0,0.0,146.0,21.76,135.0,71.6,141.0,90.8,0,0,0,0,0,0,0,0,0,0,0,0,0,0,0,0,0.1,0,0,0,0,0,0,123.0,0.22
6900XT,129.0,61.79,0.0,0.0,0.0,0.0,0.0,0.0,135.0,123.43,140.0,33.3,127.0,3640.0,0.0,0.0,131.0,0.96,199.0,3.8,95.0,5.93,135.0,12.19,133.0,4790.0,0.0,0.0,0.0,141.0,62.5,0.0,0.0,0.0,140.0,61.7,187.0,29.02,190.0,34.17,3.6,210.0,40.47,124.0,41.19,109.0,1830.0,112.0,496.0,162.0,33.56,0.0,0.0,197.0,72.81,147.0,77.77,0.0,0.0,0.0,0.0,0.0,0.0,209.0,65.77,163.0,30.4,115.0,4.78,123.0,1210.0,158.0,28.88,123.0,962.0,0.0,0.0,0.0,0.0,143.0,23.46,141.0,67.09,151.0,94.1,0,0,0,0,0,0,0,0,0,0,0,0,0,0,0,0,0.1,0,0,0,0,0,0,125.0,0.24
6800XT,0.0,0.0,0.0,0.0,0.0,0.0,0.0,0.0,0.0,0.0,0.0,0.0,133.0,3600.0,0.0,0.0,134.0,0.91,186.0,3.53,0.0,0.0,129.0,10.58,104.0,4620.0,0.0,0.0,0.0,107.0,61.7,0.0,0.0,0.0,109.0,61.7,145.0,27.91,174.0,34.13,3.18,181.0,40.27,104.0,41.19,100.0,1753.0,103.0,429.0,136.0,35.32,0.0,0.0,171.0,72.34,151.0,75.5,0.0,0.0,0.0,0.0,0.0,0.0,190.0,65.52,127.0,27.73,96.0,4.26,118.0,1090.0,145.0,26.14,108.0,944.0,0.0,0.0,0.0,0.0,121.0,23.04,118.0,61.3,133.0,93.3,0,0,0,0,0,0,0,0,0,0,0,0,0,0,0,0,0.1,0,0,0,0,0,0,110.0,0.22
6800,0.0,0.0,0.0,0.0,0.0,0.0,0.0,0.0,114.0,119.02,100.0,32.58,129.0,3140.0,0.0,0.0,126.0,0.79,173.0,2.9,0.0,0.0,125.0,9.23,115.0,4590.0,0.0,0.0,0.0,112.0,60.08,0.0,0.0,0.0,108.0,61.01,137.0,24.65,165.0,28.6,2.61,172.0,37.45,106.0,38.7,104.0,1616.0,92.0,371.0,139.0,31.96,0.0,0.0,165.0,62.58,142.0,62.28,0.0,0.0,0.0,0.0,0.0,0.0,182.0,58.26,135.0,23.28,95.0,3.65,104.0,919.0,134.0,22.95,105.0,920.0,0.0,0.0,0.0,0.0,127.0,23.04,130.0,53.9,114.0,68.77,0,0,0,0,0,0,0,0,0,0,0,0,0,0,0,0,0.1,0,0,0,0,0,0,117.0,0.18
6750XT,85.0,40.28,0.0,0.0,0.0,0.0,0.0,0.0,91.0,79.25,0.0,0.0,82.0,2530.0,0.0,0.0,0.0,0.0,0.0,0.0,0.0,0.0,82.0,6.32,97.0,3440.0,0.0,0.0,0.0,73.0,40.11,0.0,0.0,0.0,73.0,40.11,113.0,17.45,128.0,21.22,1.75,119.0,26.1,85.0,26.97,79.0,1169.0,53.0,254.0,0.0,0.0,0.0,0.0,118.0,47.12,95.0,40.68,0.0,0.0,0.0,0.0,0.0,0.0,127.0,41.85,122.0,20.17,54.0,2.43,59.0,606.0,84.0,14.19,0.0,0.0,0.0,0.0,0.0,0.0,101.0,16.43,83.0,35.4,79.0,49.8,0,0,0,0,0,0,0,0,0,0,0,0,0,0,0,0,0.1,0,0,0,0,0,0,72.0,0.11
6700XT,0.0,0.0,0.0,0.0,0.0,0.0,0.0,0.0,0.0,0.0,100.0,22.1,74.0,2490.0,0.0,0.0,73.0,0.45,125.0,2.27,0.0,0.0,67.0,5.02,82.0,3470.0,0.0,0.0,0.0,98.0,45.59,0.0,0.0,0.0,98.0,45.59,107.0,15.95,122.0,20.09,1.6,125.0,29.8,88.0,30.26,81.0,1270.0,55.0,249.0,109.0,23.48,0.0,0.0,124.0,50.39,80.0,38.69,0.0,0.0,0.0,0.0,0.0,0.0,127.0,39.72,88.0,14.98,49.0,2.31,53.0,574.0,81.0,14.85,87.0,700.0,0.0,0.0,0.0,0.0,102.0,17.71,74.0,32.0,98.0,57.49,0,0,0,0,0,0,0,0,0,0,0,0,0,0,0,0,0.1,0,0,0,0,0,0,69.0,0.12
6650XT,47.0,27.38,0.0,0.0,0.0,0.0,0.0,0.0,53.0,51.8,52.0,14.8,0.0,0.0,0.0,0.0,52.0,0.4,0.0,0.0,0.0,0.0,52.0,4.65,56.0,2460.0,0.0,0.0,0.0,46.0,27.37,0.0,0.0,0.0,46.0,27.37,72.0,13.65,71.0,13.76,1.39,73.0,17.78,48.0,18.29,46.0,822.0,40.0,209.0,75.0,17.27,0.0,0.0,77.0,35.66,53.0,28.26,0.0,0.0,0.0,0.0,0.0,0.0,84.0,32.67,75.0,13.78,41.0,1.93,44.0,483.0,57.0,10.71,35.0,345.8,0.0,0.0,0.0,0.0,55.0,11.43,62.0,29.0,65.0,37.2,0,0,0,0,0,0,0,0,0,0,0,0,0,0,0,0,0.1,0,0,0,0,0,0,51.0,0.09
6600XT,0.0,0.0,0.0,0.0,0.0,0.0,0.0,0.0,55.0,62.22,53.0,15.6,64.0,1850.0,0.0,0.0,57.0,0.35,89.0,1.6,0.0,0.0,53.0,4.18,52.0,2520.0,0.0,0.0,0.0,68.0,31.26,0.0,0.0,0.0,76.0,31.46,76.0,13.36,79.0,13.28,1.36,75.0,19.56,44.0,19.99,46.0,721.0,46.0,210.0,67.0,17.4,0.0,0.0,75.0,31.56,64.0,31.2,0.0,0.0,0.0,0.0,0.0,0.0,87.0,31.39,62.0,12.23,50.0,1.91,52.0,477.0,66.0,11.56,44.0,473.0,0.0,0.0,0.0,0.0,60.0,11.95,59.0,31.4,63.0,40.1,0,0,0,0,0,0,0,0,0,0,0,0,0,0,0,0,0.1,0,0,0,0,0,0,51.0,0.1
6600,0.0,0.0,0.0,0.0,0.0,0.0,0.0,0.0,52.0,56.37,56.0,15.6,56.0,1790.0,0.0,0.0,59.0,0.32,89.0,1.47,0.0,0.0,52.0,4.55,46.0,2270.0,0.0,0.0,0.0,69.0,28.37,0.0,0.0,0.0,69.0,28.37,65.0,12.49,72.0,12.15,1.2,74.0,18.78,44.0,19.05,44.0,752.0,41.0,169.0,63.0,14.73,0.0,0.0,75.0,28.28,59.0,29.07,0.0,0.0,0.0,0.0,0.0,0.0,85.0,28.36,55.0,10.79,38.0,1.7,40.0,425.0,57.0,10.37,41.0,439.0,0.0,0.0,0.0,0.0,64.0,11.5,59.0,26.8,65.0,38.0,0,0,0,0,0,0,0,0,0,0,0,0,0,0,0,0,0.1,0,0,0,0,0,0,49.0,0.09
6500XT,0.0,0.0,0.0,0.0,0.0,0.0,0.0,0.0,24.0,25.27,0.0,0.0,0.0,0.0,0.0,0.0,0.0,0.0,0.0,0.0,0.0,0.0,26.0,2.01,35.0,1180.0,0.0,0.0,0.0,26.0,13.32,0.0,0.0,0.0,0.0,0.0,41.0,6.83,41.0,7.74,0.0,0.0,0.0,0.0,0.0,24.0,362.0,29.0,113.0,48.0,8.92,0.0,0.0,42.0,16.86,0.0,0.0,0.0,0.0,0.0,0.0,0.0,0.0,0.0,0.0,42.0,7.79,27.0,0.99,26.0,250.0,32.0,5.64,20.0,190.0,0.0,0.0,0.0,0.0,30.0,5.12,25.0,8.2,23.0,13.0,0,0,0,0,0,0,0,0,0,0,0,0,0,0,0,0,0.1,0,0,0,0,0,0,30.0,0.05
6400,0.0,0.0,0.0,0.0,0.0,0.0,0.0,0.0,25.0,28.99,0.0,0.0,0.0,0.0,0.0,0.0,0.0,0.0,0.0,0.0,0.0,0.0,0.0,0.0,22.0,950.0,0.0,0.0,0.0,0.0,0.0,0.0,0.0,0.0,0.0,0.0,0.0,0.0,25.0,5.21,0.0,0.0,0.0,0.0,0.0,0.0,0.0,0.0,0.0,32.0,7.51,0.0,0.0,0.0,0.0,21.0,10.4,0.0,0.0,0.0,0.0,0.0,0.0,0.0,0.0,0.0,0.0,0.0,0.0,12.0,159.0,0.0,0.0,0.0,0.0,0.0,0.0,0.0,0.0,0.0,0.0,0.0,0.0,0.0,0.0,0,0,0,0,0,0,0,0,0,0,0,0,0,0,0,0,0.1,0,0,0,0,0,0,0.0,0.0
590,0.0,0.0,0.0,0.0,0.0,0.0,0.0,0.0,75.0,55.76,0.0,0.0,0.0,0.0,0.0,0.0,85.0,0.2,0.0,0.0,0.0,0.0,0.0,0.0,73.0,1430.0,0.0,0.0,0.0,90.0,27.38,0.0,0.0,0.0,90.0,27.45,0.0,0.0,121.0,12.67,0.0,0.0,0.0,0.0,0.0,0.0,0.0,0.0,0.0,104.0,10.94,0.0,0.0,0.0,0.0,87.0,17.47,0.0,0.0,0.0,0.0,0.0,0.0,0.0,0.0,114.0,11.24,79.0,0.67,78.0,252.63,0.0,0.0,88.0,431.6,0.0,0.0,0.0,0.0,108.0,10.24,80.0,16.0,76.0,24.7,0,0,0,0,0,0,0,0,0,0,0,0,0,0,0,0,0.1,0,0,0,0,0,0,0.0,0.0
580,0.0,0.0,0.0,0.0,0.0,0.0,0.0,0.0,72.0,57.33,0.0,0.0,0.0,0.0,0.0,0.0,0.0,0.0,85.0,1.13,0.0,0.0,0.0,0.0,77.0,1380.0,0.0,0.0,0.0,130.0,30.25,0.0,0.0,0.0,130.0,30.25,0.0,0.0,112.0,11.43,0.0,0.0,0.0,0.0,0.0,0.0,0.0,0.0,0.0,140.0,13.98,0.0,0.0,0.0,0.0,81.0,16.61,0.0,0.0,0.0,0.0,0.0,0.0,0.0,0.0,115.0,11.06,73.0,0.66,84.0,264.72,0.0,0.0,61.0,361.53,0.0,0.0,0.0,0.0,102.0,9.09,79.0,15.8,82.0,24.2,0,0,0,0,0,0,0,0,0,0,0,0,0,0,0,0,0.1,0,0,0,0,0,0,0.0,0.0
5700XT,0.0,0.0,0.0,0.0,0.0,0.0,0.0,0.0,86.0,105.8,99.0,28.7,0.0,0.0,0.0,0.0,87.0,0.4,0.0,0.0,0.0,0.0,84.0,4.47,73.0,2400.0,0.0,0.0,0.0,120.0,54.74,0.0,0.0,0.0,135.0,55.26,0.0,0.0,120.0,24.97,0.0,0.0,0.0,82.0,33.75,0.0,0.0,0.0,0.0,119.0,27.25,0.0,0.0,109.0,46.15,93.0,32.8,0.0,0.0,0.0,0.0,0.0,0.0,111.0,32.9,108.0,14.85,96.0,1.15,86.0,475.0,0.0,0.0,63.0,813.2,0.0,0.0,0.0,0.0,107.0,20.48,92.0,37.7,0.0,0.0,0,0,0,0,0,0,0,0,0,0,0,0,0,0,0,0,0.1,0,0,0,0,0,0,95.0,0.12
5700,0.0,0.0,0.0,0.0,0.0,0.0,0.0,0.0,87.0,108.2,89.0,25.6,0.0,0.0,0.0,0.0,85.0,0.33,0.0,0.0,0.0,0.0,81.0,3.89,79.0,2200.0,0.0,0.0,0.0,135.0,56.12,0.0,0.0,0.0,135.0,56.12,0.0,0.0,128.0,18.66,0.0,0.0,0.0,92.0,33.73,0.0,0.0,0.0,0.0,120.0,23.96,0.0,0.0,131.0,41.77,85.0,28.31,0.0,0.0,0.0,0.0,0.0,0.0,124.0,28.82,103.0,13.56,100.0,1.03,84.0,412.0,0.0,0.0,74.0,815.0,0.0,0.0,0.0,0.0,126.0,20.54,87.0,35.6,78.0,38.6,0,0,0,0,0,0,0,0,0,0,0,0,0,0,0,0,0.1,0,0,0,0,0,0,81.0,0.1
570,0.0,0.0,0.0,0.0,0.0,0.0,0.0,0.0,118.0,51.58,125.0,16.56,0.0,0.0,0.0,0.0,0.0,0.0,87.0,1.13,0.0,0.0,0.0,0.0,66.0,1330.0,0.0,0.0,0.0,130.0,29.57,0.0,0.0,0.0,130.0,30.25,0.0,0.0,105.0,13.51,0.0,0.0,0.0,0.0,0.0,0.0,0.0,0.0,0.0,147.0,13.52,0.0,0.0,0.0,0.0,85.0,14.6,0.0,0.0,0.0,0.0,0.0,0.0,0.0,0.0,101.0,9.87,93.0,0.6,104.0,253.81,0.0,0.0,62.0,424.44,0.0,0.0,0.0,0.0,105.0,9.33,82.0,15.2,83.0,23.4,0,0,0,0,0,0,0,0,0,0,0,0,0,0,0,0,0.1,0,0,0,0,0,0,0.0,0.0
5600XT,0.0,0.0,0.0,0.0,0.0,0.0,0.0,0.0,82.0,80.95,91.0,23.2,0.0,0.0,0.0,0.0,0.0,0.0,0.0,0.0,0.0,0.0,73.0,3.9,51.0,1760.0,0.0,0.0,0.0,110.0,40.32,0.0,0.0,0.0,110.0,40.32,0.0,0.0,100.0,14.34,0.0,0.0,0.0,72.0,25.69,0.0,0.0,0.0,0.0,102.0,20.77,0.0,0.0,103.0,39.02,79.0,26.42,0.0,0.0,0.0,0.0,0.0,0.0,0.0,0.0,68.0,13.52,90.0,1.03,75.0,410.0,0.0,0.0,64.0,582.2,0.0,0.0,0.0,0.0,96.0,15.94,71.0,23.5,69.0,37.8,0,0,0,0,0,0,0,0,0,0,0,0,0,0,0,0,0.1,0,0,0,0,0,0,57.0,0.1
5500XT,0.0,0.0,0.0,0.0,0.0,0.0,0.0,0.0,0.0,0.0,0.0,0.0,0.0,0.0,0.0,0.0,49.0,0.2,0.0,0.0,0.0,0.0,42.0,2.31,42.0,1380.0,0.0,0.0,0.0,65.0,27.24,0.0,0.0,0.0,65.0,27.24,0.0,0.0,60.0,8.98,0.0,0.0,0.0,45.0,17.95,0.0,0.0,0.0,0.0,60.0,13.28,0.0,0.0,63.0,24.65,45.0,17.07,0.0,0.0,0.0,0.0,0.0,0.0,57.0,17.55,60.0,8.11,41.0,0.97,44.0,247.0,0.0,0.0,40.0,385.0,0.0,0.0,0.0,0.0,0.0,0.0,43.0,21.6,44.0,24.2,0,0,0,0,0,0,0,0,0,0,0,0,0,0,0,0,0.1,0,0,0,0,0,0,43.0,0.06
480,0.0,0.0,0.0,0.0,0.0,0.0,0.0,0.0,61.0,42.29,0.0,0.0,0.0,0.0,0.0,0.0,0.0,0.0,0.0,0.0,0.0,0.0,0.0,0.0,54.0,907.0,0.0,0.0,0.0,0.0,0.0,0.0,0.0,0.0,0.0,0.0,0.0,0.0,0.0,0.0,0.0,0.0,0.0,0.0,0.0,0.0,0.0,0.0,0.0,95.0,8.94,0.0,0.0,0.0,0.0,92.0,14.91,0.0,0.0,0.0,0.0,0.0,0.0,0.0,0.0,115.0,10.69,82.0,0.61,97.0,253.95,0.0,0.0,52.0,331.51,0.0,0.0,0.0,0.0,83.0,7.17,76.0,15.2,83.0,23.4,0,0,0,0,0,0,0,0,0,0,0,0,0,0,0,0,0.1,0,0,0,0,0,0,0.0,0.0
470,0.0,0.0,0.0,0.0,0.0,0.0,0.0,0.0,62.0,60.18,0.0,0.0,0.0,0.0,0.0,0.0,62.0,0.2,0.0,0.0,0.0,0.0,0.0,0.0,52.0,907.0,0.0,0.0,0.0,130.0,31.0,0.0,0.0,0.0,130.0,31.0,0.0,0.0,0.0,0.0,0.0,0.0,0.0,0.0,0.0,0.0,0.0,0.0,0.0,135.0,14.22,0.0,0.0,0.0,0.0,63.0,13.38,0.0,0.0,0.0,0.0,0.0,0.0,0.0,0.0,82.0,9.53,59.0,0.55,65.0,216.63,0.0,0.0,0.0,0.0,0.0,0.0,0.0,0.0,83.0,7.96,62.0,14.8,0.0,0.0,0,0,0,0,0,0,0,0,0,0,0,0,0,0,0,0,0.1,0,0,0,0,0,0,0.0,0.0
BC160,0.0,0.0,0.0,0.0,0.0,0.0,0.0,0.0,93.0,131.6,0.0,0.0,0.0,0.0,0.0,0.0,0.0,0.0,0.0,0.0,0.0,0.0,0.0,0.0,62.0,2350.0,0.0,0.0,0.0,130.0,71.0,0.0,0.0,0.0,0.0,0.0,0.0,0.0,91.0,22.14,0.0,0.0,0.0,109.0,43.58,0.0,0.0,0.0,0.0,90.0,20.22,0.0,0.0,0.0,0.0,20.0,9.52,0.0,0.0,0.0,0.0,0.0,0.0,0.0,0.0,0.0,0.0,0.0,0.0,73.0,430.0,0.0,0.0,0.0,0.0,0.0,0.0,0.0,0.0,0.0,0.0,0.0,0.0,0.0,0.0,0,0,0,0,0,0,0,1,0,0,0,0,0,0,0,0,0.1,0,0,0,0,0,0,62.0,0.08
BC250,73.0,50.22,0.0,0.0,0.0,0.0,0.0,0.0,78.0,98.48,0.0,0.0,0.0,0.0,0.0,0.0,0.0,0.0,0.0,0.0,0.0,0.0,0.0,0.0,67.0,2220.0,0.0,0.0,0.0,84.0,50.64,0.0,0.0,0.0,84.0,50.64,0.0,0.0,0.0,0.0,0.0,0.0,0.0,67.0,35.69,0.0,0.0,0.0,0.0,85.0,18.29,0.0,0.0,0.0,0.0,71.0,22.46,0.0,0.0,0.0,0.0,0.0,0.0,0.0,0.0,0.0,0.0,67.0,0.7,0.0,0.0,0.0,0.0,0.0,0.0,165.0,185.0,0.0,0.0,0.0,0.0,67.0,19.2,0.0,0.0,0,0,0,0,0,0,0,0,1,0,0,0,0,0,0,0,0.1,0,0,0,0,0,0,0.0,0.0
VEGA56,0.0,0.0,0.0,0.0,0.0,0.0,0.0,0.0,0.0,0.0,157.0,31.6,0.0,0.0,0.0,0.0,122.0,0.4,0.0,0.0,0.0,0.0,0.0,0.0,92.0,1760.0,0.0,0.0,0.0,0.0,0.0,0.0,0.0,0.0,175.0,50.81,0.0,0.0,0.0,0.0,0.0,0.0,0.0,0.0,0.0,0.0,0.0,0.0,0.0,0.0,0.0,0.0,0.0,0.0,0.0,144.0,36.58,0.0,0.0,0.0,0.0,0.0,0.0,0.0,0.0,162.0,16.09,108.0,1.07,123.0,317.0,0.0,0.0,96.0,1037.0,0.0,0.0,0.0,0.0,0.0,0.0,130.0,25.8,126.0,39.6,0,0,0,0,0,0,0,0,0,0,0,0,0,0,0,0,0.1,0,0,0,1,0,0,0.0,0.0
VEGA64,0.0,0.0,0.0,0.0,0.0,0.0,0.0,0.0,0.0,0.0,152.0,33.2,0.0,0.0,0.0,0.0,134.0,0.43,0.0,0.0,0.0,0.0,0.0,0.0,88.0,1860.0,0.0,0.0,0.0,0.0,0.0,0.0,0.0,0.0,0.0,0.0,0.0,0.0,0.0,0.0,0.0,0.0,0.0,180.0,31.05,0.0,0.0,0.0,0.0,0.0,0.0,0.0,0.0,0.0,0.0,149.0,42.67,0.0,0.0,0.0,0.0,0.0,0.0,0.0,0.0,152.0,16.17,115.0,1.26,127.0,370.0,0.0,0.0,108.0,1145.0,0.0,0.0,0.0,0.0,0.0,0.0,131.0,26.6,125.0,40.8,0,0,0,0,0,0,0,0,0,0,0,0,0,0,0,0,0.1,0,0,0,0,1,0,0.0,0.0
VII,0.0,0.0,0.0,0.0,0.0,0.0,0.0,0.0,0.0,0.0,0.0,0.0,0.0,0.0,0.0,0.0,0.0,0.0,0.0,0.0,0.0,0.0,0.0,0.0,94.0,2640.0,0.0,0.0,0.0,236.0,108.5,0.0,0.0,0.0,189.0,85.2,0.0,0.0,0.0,0.0,0.0,0.0,0.0,0.0,0.0,0.0,0.0,0.0,0.0,153.0,35.02,0.0,0.0,0.0,0.0,149.0,45.3,0.0,0.0,0.0,0.0,0.0,0.0,0.0,0.0,0.0,0.0,119.0,2.43,128.0,564.03,0.0,0.0,0.0,0.0,0.0,0.0,0.0,0.0,0.0,0.0,0.0,0.0,0.0,0.0,0,0,0,0,0,0,0,0,0,0,0,0,0,0,0,0,0.1,0,0,0,0,0,1,0.0,0.0
B580,0.0,0.0,0.0,0.0,0.0,0.0,0.0,0.0,0.0,0.0,0.0,0.0,0.0,0.0,0.0,0.0,0.0,0.0,0.0,0.0,0.0,0.0,0.0,0.0,0.0,0.0,0.0,0.0,0.0,0.0,0.0,0.0,0.0,0.0,0.0,0.0,0.0,0.0,0.0,0.0,0.0,0.0,0.0,0.0,0.0,0.0,0.0,0.0,0.0,143.0,20.86,123.0,20.31,131.0,41.79,0.0,0.0,0.0,0.0,0.0,0.0,0.0,0.0,0.0,0.0,0.0,0.0,0.0,0.0,0.0,0.0,0.0,0.0,0.0,0.0,0.0,0.0,0.0,0.0,0.0,0.0,0.0,0.0,0.0,0.0,0,0,0,0,0,0,1,0,0,0,0,0,0,0,0,0,0.1,0,0,0,0,0,0,0.0,0.0
A770,0.0,0.0,0.0,0.0,0.0,0.0,0.0,0.0,177.0,131.98,189.0,19.6,0.0,0.0,0.0,0.0,0.0,0.0,0.0,0.0,0.0,0.0,0.0,0.0,0.0,0.0,0.0,0.0,0.0,181.0,50.31,0.0,0.0,0.0,130.0,17.05,0.0,0.0,0.0,0.0,0.0,0.0,0.0,0.0,0.0,0.0,0.0,0.0,0.0,189.0,25.34,127.0,10.7,136.0,44.44,0.0,0.0,0.0,0.0,0.0,0.0,0.0,0.0,0.0,0.0,0.0,0.0,189.0,2.71,170.0,567.0,194.0,9.97,0.0,0.0,0.0,0.0,0.0,0.0,0.0,0.0,189.0,38.6,72.0,19.2,0,0,0,0,0,1,0,0,0,0,0,0,0,0,0,0,0.1,0,0,0,0,0,0,0.0,0.0
A750,0.0,0.0,0.0,0.0,0.0,0.0,0.0,0.0,165.0,139.95,180.0,20.4,0.0,0.0,0.0,0.0,0.0,0.0,0.0,0.0,0.0,0.0,0.0,0.0,0.0,0.0,0.0,0.0,0.0,165.0,50.88,0.0,0.0,0.0,120.0,16.69,0.0,0.0,0.0,0.0,0.0,0.0,0.0,0.0,0.0,0.0,0.0,0.0,0.0,189.0,25.18,119.0,11.87,129.0,44.01,0.0,0.0,0.0,0.0,0.0,0.0,0.0,0.0,0.0,0.0,0.0,0.0,189.0,2.5,152.0,494.0,194.0,9.43,0.0,0.0,0.0,0.0,0.0,0.0,0.0,0.0,180.0,36.8,180.0,63.2,0,0,0,0,1,0,0,0,0,0,0,0,0,0,0,0,0.1,0,0,0,0,0,0,0.0,0.0
A380,0.0,0.0,0.0,0.0,0.0,0.0,0.0,0.0,45.0,45.44,46.0,5.8,0.0,0.0,0.0,0.0,0.0,0.0,0.0,0.0,0.0,0.0,0.0,0.0,0.0,0.0,0.0,0.0,0.0,46.0,14.68,0.0,0.0,0.0,33.0,4.92,0.0,0.0,0.0,0.0,0.0,0.0,0.0,0.0,0.0,0.0,0.0,0.0,0.0,56.0,9.38,0.0,0.0,35.0,12.96,0.0,0.0,0.0,0.0,0.0,0.0,0.0,0.0,0.0,0.0,0.0,0.0,54.0,0.69,47.0,141.0,57.0,2.58,0.0,0.0,0.0,0.0,0.0,0.0,0.0,0.0,55.0,11.6,75.0,20.2,0,1,0,0,0,0,0,0,0,0,0,0,0,0,0,0,0.1,0,0,0,0,0,0,0.0,0.0
